{"cameraMode":{"drawMode":0,"name":"Shaded","section":"Shading Mode"},"sceneLighting":true,"audioPlay":false,"sceneViewState":{"m_AlwaysRefresh":false,"showFog":true,"showSkybox":false,"showFlares":true,"showImageEffects":true,"showParticleSystems":true,"showVisualEffectGraphs":true,"m_FxEnabled":true},"in2DMode":false,"pivot":{"x":-0.8142876625061035,"y":15.076767921447754,"z":0.9530645608901978},"rotation":{"x":-0.008892349898815155,"y":0.8570469617843628,"z":-0.5151398777961731,"w":-0.014959813095629216},"size":4.593477725982666,"orthographic":true}