{"cameraMode":{"drawMode":0,"name":"Shaded","section":"Shading Mode"},"sceneLighting":false,"audioPlay":false,"sceneViewState":{"m_AlwaysRefresh":false,"showFog":true,"showSkybox":false,"showFlares":true,"showImageEffects":true,"showParticleSystems":true,"showVisualEffectGraphs":true,"m_FxEnabled":true},"in2DMode":false,"pivot":{"x":0.14644181728363038,"y":1.4142584800720215,"z":-0.19281944632530213},"rotation":{"x":0.013974465429782868,"y":-0.9421586394309998,"z":0.039594005793333057,"w":0.33253055810928347},"size":2.4119439125061037,"orthographic":true}