{"cameraMode":{"drawMode":0,"name":"Shaded","section":"Shading Mode"},"sceneLighting":true,"audioPlay":false,"sceneViewState":{"m_AlwaysRefresh":false,"showFog":true,"showSkybox":false,"showFlares":true,"showImageEffects":true,"showParticleSystems":true,"showVisualEffectGraphs":true,"m_FxEnabled":true},"in2DMode":false,"pivot":{"x":0.11054766178131104,"y":10.531238555908204,"z":2.0783824920654299},"rotation":{"x":0.028836380690336229,"y":0.9398269057273865,"z":-0.33075034618377688,"w":0.08164475113153458},"size":9.6099853515625,"orthographic":true}