{"cameraMode":{"drawMode":0,"name":"Shaded","section":"Shading Mode"},"sceneLighting":false,"audioPlay":false,"sceneViewState":{"m_AlwaysRefresh":false,"showFog":true,"showSkybox":false,"showFlares":true,"showImageEffects":true,"showParticleSystems":true,"showVisualEffectGraphs":true,"m_FxEnabled":true},"in2DMode":false,"pivot":{"x":0.04422563314437866,"y":0.6919599771499634,"z":0.06969273090362549},"rotation":{"x":-0.061163999140262607,"y":0.006592281628400087,"z":-0.0002669379173312336,"w":-0.998166024684906},"size":1.48878014087677,"orthographic":true}