{"cameraMode":{"drawMode":0,"name":"Shaded","section":"Shading Mode"},"sceneLighting":false,"audioPlay":false,"sceneViewState":{"m_AlwaysRefresh":false,"showFog":true,"showSkybox":false,"showFlares":true,"showImageEffects":true,"showParticleSystems":true,"showVisualEffectGraphs":true,"m_FxEnabled":true},"in2DMode":false,"pivot":{"x":-0.05793234705924988,"y":0.5626068115234375,"z":-0.19488626718521119},"rotation":{"x":0.007122938055545092,"y":0.9895531535148621,"z":-0.1344103366136551,"w":0.05288606509566307},"size":0.9252225756645203,"orthographic":true}