{"cameraMode":{"drawMode":0,"name":"Shaded","section":"Shading Mode"},"sceneLighting":true,"audioPlay":false,"sceneViewState":{"m_AlwaysRefresh":false,"showFog":true,"showSkybox":false,"showFlares":true,"showImageEffects":true,"showParticleSystems":true,"showVisualEffectGraphs":true,"m_FxEnabled":true},"in2DMode":false,"pivot":{"x":-2.7790257930755617,"y":5.271611213684082,"z":1.9988641738891602},"rotation":{"x":0.010523230768740178,"y":0.8945711255073547,"z":0.021235762163996698,"w":-0.4464244544506073},"size":4.381545066833496,"orthographic":true}