{"cameraMode":{"drawMode":0,"name":"Shaded","section":"Shading Mode"},"sceneLighting":true,"audioPlay":false,"sceneViewState":{"m_AlwaysRefresh":false,"showFog":true,"showSkybox":false,"showFlares":true,"showImageEffects":true,"showParticleSystems":true,"showVisualEffectGraphs":true,"m_FxEnabled":true},"in2DMode":false,"pivot":{"x":-12.151579856872559,"y":14.955267906188965,"z":-0.8281817436218262},"rotation":{"x":-0.017614945769309999,"y":0.9488396644592285,"z":-0.3107733130455017,"w":-0.05481944605708122},"size":7.698955059051514,"orthographic":true}