{"cameraMode":{"drawMode":0,"name":"Shaded","section":"Shading Mode"},"sceneLighting":false,"audioPlay":false,"sceneViewState":{"m_AlwaysRefresh":false,"showFog":true,"showSkybox":false,"showFlares":true,"showImageEffects":true,"showParticleSystems":true,"showVisualEffectGraphs":true,"m_FxEnabled":true},"in2DMode":false,"pivot":{"x":0.006955623626708984,"y":0.5445067882537842,"z":0.29323649406433108},"rotation":{"x":0.014914317987859249,"y":0.9814332723617554,"z":-0.08560078591108322,"w":0.17099671065807343},"size":1.1020030975341797,"orthographic":true}