{"cameraMode":{"drawMode":0,"name":"Shaded","section":"Shading Mode"},"sceneLighting":true,"audioPlay":false,"sceneViewState":{"m_AlwaysRefresh":false,"showFog":true,"showSkybox":false,"showFlares":true,"showImageEffects":true,"showParticleSystems":true,"showVisualEffectGraphs":true,"m_FxEnabled":true},"in2DMode":false,"pivot":{"x":-0.940000057220459,"y":10.109999656677246,"z":-3.7799999713897707},"rotation":{"x":0.09994325041770935,"y":0.8826953172683716,"z":-0.21793462336063386,"w":0.4043629765510559},"size":0.8660252690315247,"orthographic":true}