{"cameraMode":{"drawMode":0,"name":"Shaded","section":"Shading Mode"},"sceneLighting":false,"audioPlay":false,"sceneViewState":{"m_AlwaysRefresh":false,"showFog":true,"showSkybox":false,"showFlares":true,"showImageEffects":true,"showParticleSystems":true,"showVisualEffectGraphs":true,"m_FxEnabled":true},"in2DMode":false,"pivot":{"x":2.9165987968444826,"y":6.751965045928955,"z":6.620167255401611},"rotation":{"x":-0.03151364251971245,"y":-0.9024099111557007,"z":-0.06699693948030472,"w":0.42460548877716067},"size":1.6019660234451295,"orthographic":true}